"ID","Description","GeneRatio","BgRatio","pvalue","p.adjust","qvalue","geneID","Count"
"R-MMU-69278","Cell Cycle, Mitotic","198/1618","499/8772",2.03605113051804e-30,2.09306056217254e-27,1.72099900821683e-27,"Ccne2/Fbxo5/Cdc45/Cdk1/Pole/Mcm6/Zwilch/Mcm7/Kntc1/Cdc6/Hist1h2an/Mcm5/H2afx/Lig1/Spc24/Tubb6/Mastl/Tpx2/Cdt1/Ccnb1/Smc2/Bub1/Esco2/Cdca5/Mad2l1/Ncapg/Mcm2/Bora/Ndc1/H2ac4/Aurkb/Mcm10/Ube2c/Sgo1/Tubg1/Cks1b/Cenpn/Gtse1/Prim1/Ncapd2/Cenpk/Lmnb1/Aurka/Spc25/Wee1/Haus5/Pkmyt1/Ncaph/Mcm3/Rangap1/H2ac10/Birc5/Cep76/Mcm4/Nuf2/Nup107/Kif2c/Kif20a/Ncapd3/Ndc80/E2f2/Kif18a/Ercc6l/Cdk6/Pole2/Prim2/Hmmr/Gins3/Pola1/Rbl1/Haus6/Gins2/Bub1b/Mcm8/Plk1/Ska2/Tfdp1/Plk4/Dsn1/Cdca8/Cenph/Cdk2/Lmna/Cenpe/Kif23/Cdc25c/Nup155/Rfc4/Cenpq/Haus4/Rpa1/Cdc7/Nup188/Gins1/Ncapg2/Gmnn/Ccna2/Pmf1/Pola2/Dna2/Espl1/Ska1/Cenpp/Aaas/Rfc5/Nup37/Trp53/Cenpt/H2afz/Pold1/Ccnd2/H2ac11/Orc1/Cep72/Nek2/Spdl1/Ccnb2/Cenpf/Nup160/H2bc12/H2ac20/Tuba1a/Cenpa/Tuba1c/Cdc20/Sgo2a/Ccne1/Orc4/H2bc4/Nup43/Cdkn1b/Rps27a/Fzr1/Incenp/Jak2/Ccnd1/Optn/Banf1/Rfc3/Stag2/Nde1/Cdc25a/Prkca/Anapc5/Nup133/H3c11/Smc4/Tubb5/Nipbl/H4c12/Tpr/Cntrl/Taok1/Cdc25b/Odf2/Ppp2r5d/Pold2/H4f16/E2f4/Ofd1/Ppp2r1a/Nup93/H2bc13/H2bc7/H2bc3/Prkcb/Esco1/H3c3/Cenpm/Psmd8/Rb1/Wapl/Psmd3/Lyn/Haus7/Akt3/Fbxw11/Prkar2b/Cenpc1/Ajuba/Tuba1b/Tuba4a/Rbl2/Cep192/Cep131/Tubb3/Tubb4b/Haus1/Ppp1r12b/Vrk2/Actr1a/H3c8/Lpin1/Ppp2r2a/Src/Akap9/Anapc16/H2bc21",198
"R-MMU-68877","Mitotic Prometaphase","83/1618","189/8772",3.08191156805943e-16,1.58410254598255e-13,1.30251315218512e-13,"Cdk1/Zwilch/Kntc1/Spc24/Tubb6/Ccnb1/Smc2/Bub1/Cdca5/Mad2l1/Ncapg/Aurkb/Sgo1/Tubg1/Cenpn/Ncapd2/Cenpk/Spc25/Haus5/Ncaph/Rangap1/Birc5/Cep76/Nuf2/Nup107/Kif2c/Ndc80/Kif18a/Ercc6l/Haus6/Bub1b/Plk1/Ska2/Plk4/Dsn1/Cdca8/Cenph/Cenpe/Cenpq/Haus4/Pmf1/Ska1/Cenpp/Nup37/Cenpt/Cep72/Nek2/Spdl1/Ccnb2/Cenpf/Nup160/Tuba1a/Cenpa/Tuba1c/Cdc20/Sgo2a/Nup43/Incenp/Stag2/Nde1/Nup133/Smc4/Tubb5/Cntrl/Taok1/Odf2/Ppp2r5d/Ofd1/Ppp2r1a/Cenpm/Wapl/Haus7/Prkar2b/Cenpc1/Tuba1b/Tuba4a/Cep192/Cep131/Tubb3/Tubb4b/Haus1/Actr1a/Akap9",83
"R-MMU-69620","Cell Cycle Checkpoints","108/1618","281/8772",1.07748210280582e-15,3.69217200561461e-13,3.03585308264236e-13,"Ccne2/Brip1/Cdc45/Cdk1/Mcm6/Zwilch/Mcm7/Kntc1/Cdc6/Mcm5/H2afx/Spc24/Ccnb1/Bub1/Clspn/Mad2l1/Mcm2/Aurkb/Mcm10/Exo1/Ube2c/Sgo1/Cenpn/Gtse1/Cenpk/Bard1/Spc25/Wee1/Pkmyt1/Chek1/Mcm3/Rangap1/Birc5/Brca1/Mcm4/Nuf2/Nup107/Kif2c/Ndc80/Kif18a/Ercc6l/Bub1b/Mcm8/Plk1/Ska2/Dsn1/Cdca8/Cenph/Cdk2/Cenpe/Cdc25c/Rfc4/Topbp1/Blm/Cenpq/Rpa1/Cdc7/Ccna2/Pmf1/Dna2/Ska1/Cenpp/Rfc5/Nup37/Nsd2/Trp53/Cenpt/Orc1/Spdl1/Ccnb2/Cenpf/Nup160/H2bc12/Cenpa/Cdc20/Sgo2a/Ccne1/Orc4/H2bc4/Nup43/Cdkn1b/Rps27a/Incenp/Rfc3/Nde1/Cdc25a/Anapc5/Nup133/H3c11/Wrn/H4c12/Taok1/Ppp2r5d/H4f16/Ppp2r1a/H2bc13/H2bc7/H2bc3/Cenpm/Psmd8/Psmd3/Cenpc1/Ube2v2/H3c8/Anapc16/H2bc21/Rad9a/Rbbp8",108
"R-MMU-2500257","Resolution of Sister Chromatid Cohesion","59/1618","118/8772",5.34536553861707e-15,1.37375894342459e-12,1.12956013881829e-12,"Cdk1/Zwilch/Kntc1/Spc24/Tubb6/Ccnb1/Bub1/Cdca5/Mad2l1/Aurkb/Sgo1/Cenpn/Cenpk/Spc25/Rangap1/Birc5/Nuf2/Nup107/Kif2c/Ndc80/Kif18a/Ercc6l/Bub1b/Plk1/Ska2/Dsn1/Cdca8/Cenph/Cenpe/Cenpq/Pmf1/Ska1/Cenpp/Nup37/Cenpt/Spdl1/Ccnb2/Cenpf/Nup160/Tuba1a/Cenpa/Tuba1c/Cdc20/Sgo2a/Nup43/Incenp/Stag2/Nde1/Nup133/Taok1/Ppp2r5d/Ppp2r1a/Cenpm/Wapl/Cenpc1/Tuba1b/Tuba4a/Tubb3/Tubb4b",59
"R-MMU-5663220","RHO GTPases Activate Formins","63/1618","132/8772",1.07338749926567e-14,2.20688469849022e-12,1.81458981454807e-12,"Zwilch/Kntc1/Spc24/Tubb6/Diaph3/Bub1/Mad2l1/Aurkb/Sgo1/Cenpn/Cenpk/Spc25/Fmnl3/Rangap1/Birc5/Nuf2/Nup107/Kif2c/Ndc80/Kif18a/Ercc6l/Bub1b/Plk1/Ska2/Dsn1/Cdca8/Cenph/Cenpe/Cenpq/Pmf1/Ska1/Cenpp/Rhod/Nup37/Cenpt/Spdl1/Cenpf/Nup160/Tuba1a/Cenpa/Tuba1c/Cdc20/Sgo2a/Nup43/Incenp/Nde1/Rhoc/Nup133/Taok1/Ppp2r5d/Ppp2r1a/Actg1/Diaph2/Cenpm/Fmnl2/Srgap2/Cenpc1/Fmnl1/Tuba1b/Tuba4a/Tubb3/Tubb4b/Src",63
"R-MMU-194315","Signaling by Rho GTPases","143/1618","428/8772",2.22669095443391e-14,3.81506383526343e-12,3.13689971300075e-12,"Zwilch/Kntc1/Flna/Net1/Hist1h2an/H2afx/Spc24/Tubb6/Diaph3/Bub1/Mad2l1/Cit/H2ac4/Aurkb/Prc1/Sgo1/Cenpn/Cenpk/Spc25/Fmnl3/Rangap1/H2ac10/Birc5/Nuf2/Nup107/Kif2c/Racgap1/Ndc80/Kif18a/Ercc6l/Rhoj/Stard13/Bub1b/Plk1/Ska2/Ophn1/Dsn1/Cdca8/Cenph/Vav2/Cenpe/Cdc25c/Cenpq/Iqgap3/Sos2/Ect2/Pmf1/Arhgap15/Ska1/Cenpp/Prex1/Rhod/Nup37/Cenpt/H2afz/Arhgap29/Depdc1b/H2ac11/Rhoq/Spdl1/Cenpf/Nup160/H2bc12/Fam13b/H2ac20/Rhov/Tuba1a/Cenpa/Tuba1c/Cdc20/Sgo2a/Dlc1/Arhgap17/H2bc4/Nckap1/Nup43/Incenp/Myl9/Rock1/Nde1/Kif14/Rhoc/Prkca/Fgd2/Arhgef39/Nup133/H3c11/Arhgap42/Arhgap22/Arhgef17/H4c12/Sos1/Taok1/Mapk11/Arhgap24/Ppp2r5d/Arhgap12/H4f16/Arhgef1/Arap3/Ctnna1/Abi1/Ppp2r1a/Actg1/Arhgap39/H2bc13/H2bc7/Diaph2/H2bc3/Prkcb/H3c3/Cenpm/Fmnl2/Srgap2/Chn2/Arhgap26/Arhgap11a/Vav1/Myh10/Cenpc1/Fmnl1/Ocrl/Arhgap10/Tuba1b/Ncf1/Tuba4a/Tagap/Arhgap27/Cybb/Arhgap36/Tubb3/Tubb4b/Ppp1r12b/H3c8/Vav3/Src/Arhgdib/Arhgef6/Iqgap2/Pdpk1/H2bc21/Actr3/Gmip",143
"R-MMU-68886","M Phase","130/1618","381/8772",6.30282824554646e-14,9.25615348060251e-12,7.61078358071249e-12,"Fbxo5/Cdk1/Zwilch/Kntc1/Hist1h2an/H2afx/Spc24/Tubb6/Mastl/Ccnb1/Smc2/Bub1/Cdca5/Mad2l1/Ncapg/Ndc1/H2ac4/Aurkb/Ube2c/Sgo1/Tubg1/Cenpn/Ncapd2/Cenpk/Lmnb1/Spc25/Haus5/Ncaph/Rangap1/H2ac10/Birc5/Cep76/Nuf2/Nup107/Kif2c/Kif20a/Ncapd3/Ndc80/Kif18a/Ercc6l/Haus6/Bub1b/Plk1/Ska2/Plk4/Dsn1/Cdca8/Cenph/Lmna/Cenpe/Kif23/Nup155/Cenpq/Haus4/Nup188/Ncapg2/Pmf1/Espl1/Ska1/Cenpp/Aaas/Nup37/Cenpt/H2afz/H2ac11/Cep72/Nek2/Spdl1/Ccnb2/Cenpf/Nup160/H2bc12/H2ac20/Tuba1a/Cenpa/Tuba1c/Cdc20/Sgo2a/H2bc4/Nup43/Rps27a/Incenp/Banf1/Stag2/Nde1/Prkca/Anapc5/Nup133/H3c11/Smc4/Tubb5/Nipbl/H4c12/Tpr/Cntrl/Taok1/Odf2/Ppp2r5d/H4f16/Ofd1/Ppp2r1a/Nup93/H2bc13/H2bc7/H2bc3/Prkcb/H3c3/Cenpm/Psmd8/Rb1/Wapl/Psmd3/Haus7/Prkar2b/Cenpc1/Tuba1b/Tuba4a/Cep192/Cep131/Tubb3/Tubb4b/Haus1/Vrk2/Actr1a/H3c8/Lpin1/Ppp2r2a/Akap9/Anapc16/H2bc21",130
"R-MMU-141424","Amplification of signal from the kinetochores","46/1618","91/8772",3.33502377998402e-12,3.8093382731373e-10,3.13219192435926e-10,"Zwilch/Kntc1/Spc24/Bub1/Mad2l1/Aurkb/Sgo1/Cenpn/Cenpk/Spc25/Rangap1/Birc5/Nuf2/Nup107/Kif2c/Ndc80/Kif18a/Ercc6l/Bub1b/Plk1/Ska2/Dsn1/Cdca8/Cenph/Cenpe/Cenpq/Pmf1/Ska1/Cenpp/Nup37/Cenpt/Spdl1/Cenpf/Nup160/Cenpa/Cdc20/Sgo2a/Nup43/Incenp/Nde1/Nup133/Taok1/Ppp2r5d/Ppp2r1a/Cenpm/Cenpc1",46
"R-MMU-141444","Amplification  of signal from unattached  kinetochores via a MAD2  inhibitory signal","46/1618","91/8772",3.33502377998402e-12,3.8093382731373e-10,3.13219192435926e-10,"Zwilch/Kntc1/Spc24/Bub1/Mad2l1/Aurkb/Sgo1/Cenpn/Cenpk/Spc25/Rangap1/Birc5/Nuf2/Nup107/Kif2c/Ndc80/Kif18a/Ercc6l/Bub1b/Plk1/Ska2/Dsn1/Cdca8/Cenph/Cenpe/Cenpq/Pmf1/Ska1/Cenpp/Nup37/Cenpt/Spdl1/Cenpf/Nup160/Cenpa/Cdc20/Sgo2a/Nup43/Incenp/Nde1/Nup133/Taok1/Ppp2r5d/Ppp2r1a/Cenpm/Cenpc1",46
"R-MMU-68962","Activation of the pre-replicative complex","23/1618","30/8772",6.09604456507495e-12,6.26673381289705e-10,5.1527618797423e-10,"Cdc45/Pole/Mcm6/Mcm7/Cdc6/Mcm5/Cdt1/Mcm2/Mcm10/Prim1/Mcm3/Mcm4/Pole2/Prim2/Pola1/Mcm8/Cdk2/Rpa1/Cdc7/Gmnn/Pola2/Orc1/Orc4",23
"R-MMU-69618","Mitotic Spindle Checkpoint","49/1618","107/8772",6.53010061477623e-11,6.10267584726361e-09,5.01786678819647e-09,"Zwilch/Kntc1/Spc24/Bub1/Mad2l1/Aurkb/Ube2c/Sgo1/Cenpn/Cenpk/Spc25/Rangap1/Birc5/Nuf2/Nup107/Kif2c/Ndc80/Kif18a/Ercc6l/Bub1b/Plk1/Ska2/Dsn1/Cdca8/Cenph/Cenpe/Cenpq/Pmf1/Ska1/Cenpp/Nup37/Cenpt/Spdl1/Cenpf/Nup160/Cenpa/Cdc20/Sgo2a/Nup43/Incenp/Nde1/Anapc5/Nup133/Taok1/Ppp2r5d/Ppp2r1a/Cenpm/Cenpc1/Anapc16",49
"R-MMU-195258","RHO GTPase Effectors","103/1618","310/8772",1.68703763359654e-10,1.44522890611437e-08,1.18832563138423e-08,"Zwilch/Kntc1/Flna/Hist1h2an/H2afx/Spc24/Tubb6/Diaph3/Bub1/Mad2l1/Cit/H2ac4/Aurkb/Prc1/Sgo1/Cenpn/Cenpk/Spc25/Fmnl3/Rangap1/H2ac10/Birc5/Nuf2/Nup107/Kif2c/Ndc80/Kif18a/Ercc6l/Bub1b/Plk1/Ska2/Dsn1/Cdca8/Cenph/Cenpe/Cdc25c/Cenpq/Iqgap3/Pmf1/Ska1/Cenpp/Rhod/Nup37/Cenpt/H2afz/H2ac11/Rhoq/Spdl1/Cenpf/Nup160/H2bc12/H2ac20/Tuba1a/Cenpa/Tuba1c/Cdc20/Sgo2a/H2bc4/Nckap1/Nup43/Incenp/Myl9/Rock1/Nde1/Kif14/Rhoc/Prkca/Nup133/H3c11/H4c12/Taok1/Mapk11/Ppp2r5d/H4f16/Ctnna1/Abi1/Ppp2r1a/Actg1/H2bc13/H2bc7/Diaph2/H2bc3/Prkcb/H3c3/Cenpm/Fmnl2/Srgap2/Myh10/Cenpc1/Fmnl1/Tuba1b/Ncf1/Tuba4a/Cybb/Tubb3/Tubb4b/Ppp1r12b/H3c8/Src/Iqgap2/Pdpk1/H2bc21/Actr3",103
"R-MMU-176187","Activation of ATR in response to replication stress","23/1618","34/8772",3.98233630276012e-10,3.149109014798e-08,2.58932473774605e-08,"Cdc45/Mcm6/Mcm7/Cdc6/Mcm5/Clspn/Mcm2/Mcm10/Chek1/Mcm3/Mcm4/Mcm8/Cdk2/Cdc25c/Rfc4/Rpa1/Cdc7/Rfc5/Orc1/Orc4/Rfc3/Cdc25a/Rad9a",23
"R-MMU-1474244","Extracellular matrix organization","89/1618","271/8772",5.83973404659108e-09,4.25366913056889e-07,3.49753871784438e-07,"Itga5/Mmp13/Plec/Capn2/P4ha2/Adam8/Ddr2/Sdc2/Col1a2/Bmp1/Adamts2/Tgfb2/Fbln5/Col6a1/Timp1/Tnc/Pecam1/Crtap/Col5a2/Mmp2/Mmp12/Loxl1/Itgav/Nid1/Col1a1/Efemp2/Icam2/Lamb1/Hspg2/Scube3/Fbln2/Col8a1/Serpinh1/P3h1/Prkca/Mfap1b/Nid2/Itgax/Fn1/Bgn/Icam1/Sparc/Cd44/Itga9/Colgalt1/Col12a1/Fbn1/Col5a1/Ibsp/Plod1/Pcolce/Pdgfa/Plod2/Emilin2/Pxdn/App/Lama3/Col11a1/Adamts5/Col3a1/Spp1/Ctsk/Itgb7/Lamb2/Ppib/Ltbp2/Emilin1/Sdc4/Dag1/Sdc1/Bsg/Ltbp1/Ctsl/Loxl2/Capn5/Klk1b4/Vwf/4930486L24Rik/Col23a1/Lox/Col4a2/Agrn/Bmp2/Mmp8/Jam3/Itga1/Dcn/Pdgfb/Mmp16",89
"R-MMU-73886","Chromosome Maintenance","46/1618","109/8772",6.56492547579760e-09,4.25366913056889e-07,3.49753871784438e-07,"Pole/Hist1h2an/H2afx/Lig1/H2ac4/Cenpn/Prim1/Cenpk/Oip5/H2ac10/Pole2/Prim2/Pola1/Cenph/Rfc4/Cenpq/Rpa1/Rsf1/Pola2/Dna2/Cenpp/Rfc5/Cenpt/H2afz/Pold1/H2ac11/Mis18bp1/H2bc12/H2ac20/Cenpa/H2bc4/Mis18a/Rfc3/H3c11/H4c12/Pold2/H4f16/H2bc13/H2bc7/H2bc3/Cenpm/Dkc1/Cenpc1/H3c8/Acd/H2bc21",46
"R-MMU-2555396","Mitotic Metaphase and Anaphase","69/1618","193/8772",6.62049670127454e-09,4.25366913056889e-07,3.49753871784438e-07,"Fbxo5/Zwilch/Kntc1/Spc24/Tubb6/Bub1/Cdca5/Mad2l1/Aurkb/Ube2c/Sgo1/Cenpn/Cenpk/Lmnb1/Spc25/Rangap1/Birc5/Nuf2/Nup107/Kif2c/Ndc80/Kif18a/Ercc6l/Bub1b/Plk1/Ska2/Dsn1/Cdca8/Cenph/Lmna/Cenpe/Cenpq/Pmf1/Espl1/Ska1/Cenpp/Nup37/Cenpt/Spdl1/Cenpf/Nup160/Tuba1a/Cenpa/Tuba1c/Cdc20/Sgo2a/Nup43/Rps27a/Incenp/Banf1/Stag2/Nde1/Anapc5/Nup133/Taok1/Ppp2r5d/Ppp2r1a/Cenpm/Psmd8/Wapl/Psmd3/Cenpc1/Tuba1b/Tuba4a/Tubb3/Tubb4b/Vrk2/Ppp2r2a/Anapc16",69
"R-MMU-68882","Mitotic Anaphase","68/1618","192/8772",1.32236553185461e-08,7.99642215733256e-07,6.57498156086222e-07,"Zwilch/Kntc1/Spc24/Tubb6/Bub1/Cdca5/Mad2l1/Aurkb/Ube2c/Sgo1/Cenpn/Cenpk/Lmnb1/Spc25/Rangap1/Birc5/Nuf2/Nup107/Kif2c/Ndc80/Kif18a/Ercc6l/Bub1b/Plk1/Ska2/Dsn1/Cdca8/Cenph/Lmna/Cenpe/Cenpq/Pmf1/Espl1/Ska1/Cenpp/Nup37/Cenpt/Spdl1/Cenpf/Nup160/Tuba1a/Cenpa/Tuba1c/Cdc20/Sgo2a/Nup43/Rps27a/Incenp/Banf1/Stag2/Nde1/Anapc5/Nup133/Taok1/Ppp2r5d/Ppp2r1a/Cenpm/Psmd8/Wapl/Psmd3/Cenpc1/Tuba1b/Tuba4a/Tubb3/Tubb4b/Vrk2/Ppp2r2a/Anapc16",68
"R-MMU-5685942","HDR through Homologous Recombination (HRR)","31/1618","62/8772",1.61695874271437e-08,9.23463104172427e-07,7.59308696140138e-07,"Brip1/Pole/Brca2/Exo1/Rad51c/Rad51/Bard1/Rad51ap1/Chek1/Brca1/Pole2/Polh/Rtel1/Gen1/Rfc4/Topbp1/Blm/Rpa1/Dna2/Rfc5/Pold1/Rad51b/Rps27a/Rfc3/Spidr/Wrn/Eme1/Pold2/Xrcc2/Rad9a/Rbbp8",31
"R-MMU-5693538","Homology Directed Repair","50/1618","130/8772",5.71680906069667e-08,3.0930945865243e-06,2.54326741038195e-06,"Brip1/Pole/Brca2/H2afx/Clspn/Exo1/Rad51c/Polq/Rad51/Bard1/Rad51ap1/Chek1/Brca1/Pole2/Polh/Tipin/Rtel1/Gen1/Cdk2/Rfc4/Topbp1/Blm/Rpa1/Timeless/Ccna2/Dna2/Rfc5/Nsd2/Pold1/Rad51b/H2bc12/H2bc4/Rps27a/Rfc3/Spidr/H3c11/Wrn/Eme1/H4c12/Pold2/H4f16/H2bc13/H2bc7/H2bc3/Xrcc2/Ube2v2/H3c8/H2bc21/Rad9a/Rbbp8",50
"R-MMU-5693567","HDR through Homologous Recombination (HRR) or Single Strand Annealing (SSA)","49/1618","127/8772",6.90077958798316e-08,3.54700070822334e-06,2.91648737323709e-06,"Brip1/Pole/Brca2/H2afx/Clspn/Exo1/Rad51c/Rad51/Bard1/Rad51ap1/Chek1/Brca1/Pole2/Polh/Tipin/Rtel1/Gen1/Cdk2/Rfc4/Topbp1/Blm/Rpa1/Timeless/Ccna2/Dna2/Rfc5/Nsd2/Pold1/Rad51b/H2bc12/H2bc4/Rps27a/Rfc3/Spidr/H3c11/Wrn/Eme1/H4c12/Pold2/H4f16/H2bc13/H2bc7/H2bc3/Xrcc2/Ube2v2/H3c8/H2bc21/Rad9a/Rbbp8",49
"R-MMU-5693532","DNA Double-Strand Break Repair","57/1618","157/8772",7.42512747054859e-08,3.63477668558283e-06,2.98866033025088e-06,"Brip1/Pole/Brca2/H2afx/Clspn/Exo1/Rad51c/Polq/Rad51/Bard1/Rad51ap1/Chek1/Brca1/Dclre1c/Pole2/Polh/Tipin/Rtel1/Gen1/Cdk2/Rfc4/Topbp1/Kpna2/Blm/Rpa1/Eya4/Timeless/Ccna2/Dna2/Rfc5/Nsd2/Trp53/Pold1/Rad51b/H2bc12/H2bc4/Rps27a/Rfc3/Paxip1/Spidr/H3c11/Wrn/Eme1/H4c12/Pold2/H4f16/H2bc13/H2bc7/H2bc3/Xrcc2/Xrcc5/Xrcc6/Ube2v2/H3c8/H2bc21/Rad9a/Rbbp8",57
"R-MMU-2467813","Separation of Sister Chromatids","63/1618","182/8772",1.19345526268237e-07,5.57669095471582e-06,4.58538074609544e-06,"Zwilch/Kntc1/Spc24/Tubb6/Bub1/Cdca5/Mad2l1/Aurkb/Ube2c/Sgo1/Cenpn/Cenpk/Spc25/Rangap1/Birc5/Nuf2/Nup107/Kif2c/Ndc80/Kif18a/Ercc6l/Bub1b/Plk1/Ska2/Dsn1/Cdca8/Cenph/Cenpe/Cenpq/Pmf1/Espl1/Ska1/Cenpp/Nup37/Cenpt/Spdl1/Cenpf/Nup160/Tuba1a/Cenpa/Tuba1c/Cdc20/Sgo2a/Nup43/Rps27a/Incenp/Stag2/Nde1/Anapc5/Nup133/Taok1/Ppp2r5d/Ppp2r1a/Cenpm/Psmd8/Wapl/Psmd3/Cenpc1/Tuba1b/Tuba4a/Tubb3/Tubb4b/Anapc16",63
"R-MMU-453279","Mitotic G1-G1/S phases","48/1618","126/8772",1.48180281086171e-07,6.62301430246015e-06,5.44571010124463e-06,"Ccne2/Cdc45/Pole/Mcm6/Mcm7/Cdc6/Mcm5/Cdt1/Mcm2/Mcm10/Cks1b/Prim1/Wee1/Mcm3/Mcm4/E2f2/Cdk6/Pole2/Prim2/Pola1/Rbl1/Mcm8/Tfdp1/Cdk2/Rpa1/Cdc7/Gmnn/Ccna2/Pola2/Ccnd2/Orc1/Ccne1/Orc4/Cdkn1b/Rps27a/Jak2/Ccnd1/Cdc25a/E2f4/Ppp2r1a/Psmd8/Rb1/Psmd3/Lyn/Akt3/Rbl2/Ppp2r2a/Src",48
"R-MMU-69242","S Phase","52/1618","142/8772",2.01097459282499e-07,8.61367450593369e-06,7.08251139490555e-06,"Ccne2/Pole/Mcm6/Mcm7/Cdc6/Mcm5/Lig1/Cdt1/Esco2/Cdca5/Mcm2/Ube2c/Cks1b/Prim1/Wee1/Mcm3/Mcm4/Pole2/Prim2/Gins3/Pola1/Gins2/Mcm8/Cdk2/Rfc4/Rpa1/Gins1/Ccna2/Pola2/Dna2/Rfc5/Pold1/Orc1/Ccne1/Orc4/Cdkn1b/Rps27a/Fzr1/Ccnd1/Rfc3/Stag2/Cdc25a/Anapc5/Cdc25b/Pold2/Esco1/Psmd8/Rb1/Wapl/Psmd3/Akt3/Anapc16",52
"R-MMU-983231","Factors involved in megakaryocyte development and platelet production","46/1618","121/8772",2.88155324673965e-07,1.18489469505934e-05,9.74268318792394e-06,"Kif4/Tubb6/Rad51c/Kif15/Kif2c/Kif20a/Racgap1/Kif18a/Kif18b/Kif11/Kif22/Cenpe/Kif23/Kif20b/Cbx5/Ehd2/Phf21a/Rad51b/Tuba1a/Tuba1c/Kif9/Ehd3/Jak2/H3c11/Akap10/Kif26b/Kifc1/Capza2/Sh2b2/Dock11/H3c3/Kif1c/Kif3c/Prkar2b/Tuba1b/Kif21a/Tuba4a/Ak3/Dock5/Tubb3/Tubb4b/Dock1/H3c8/Dock4/Dock2/Zfpm2",46
"R-MMU-5693616","Presynaptic phase of homologous DNA pairing and strand exchange","20/1618","35/8772",3.52291220787065e-07,1.3929052883427e-05,1.14530303761949e-05,"Brip1/Brca2/Exo1/Rad51c/Rad51/Bard1/Chek1/Brca1/Rfc4/Topbp1/Blm/Rpa1/Dna2/Rfc5/Rad51b/Rfc3/Wrn/Xrcc2/Rad9a/Rbbp8",20
"R-MMU-5693579","Homologous DNA Pairing and Strand Exchange","21/1618","38/8772",3.87143552787956e-07,1.47401323061488e-05,1.21199326662272e-05,"Brip1/Brca2/Exo1/Rad51c/Rad51/Bard1/Rad51ap1/Chek1/Brca1/Rfc4/Topbp1/Blm/Rpa1/Dna2/Rfc5/Rad51b/Rfc3/Wrn/Xrcc2/Rad9a/Rbbp8",21
"R-MMU-69190","DNA strand elongation","15/1618","22/8772",4.22662427230421e-07,1.55177491140312e-05,1.275932064158e-05,"Lig1/Prim1/Prim2/Gins3/Pola1/Gins2/Rfc4/Rpa1/Gins1/Pola2/Dna2/Rfc5/Pold1/Rfc3/Pold2",15
"R-MMU-983189","Kinesins","25/1618","52/8772",1.02486275579811e-06,3.63296176882915e-05,2.98716803232624e-05,"Kif4/Tubb6/Kif15/Kif2c/Kif20a/Racgap1/Kif18a/Kif18b/Kif11/Kif22/Cenpe/Kif23/Kif20b/Tuba1a/Tuba1c/Kif9/Kif26b/Kifc1/Kif1c/Kif3c/Tuba1b/Kif21a/Tuba4a/Tubb3/Tubb4b",25
"R-MMU-2565942","Regulation of PLK1 Activity at G2/M Transition","35/1618","86/8772",1.18317479773175e-06,4.05434564022745e-05,3.33364688624068e-05,"Cdk1/Ccnb1/Bora/Tubg1/Aurka/Haus5/Cep76/Haus6/Plk1/Plk4/Haus4/Cep72/Nek2/Ccnb2/Tuba1a/Rps27a/Optn/Nde1/Tubb5/Cntrl/Odf2/Ofd1/Ppp2r1a/Haus7/Fbxw11/Prkar2b/Ajuba/Tuba4a/Cep192/Cep131/Tubb4b/Haus1/Ppp1r12b/Actr1a/Akap9",35
"R-MMU-5693537","Resolution of D-Loop Structures","18/1618","32/8772",1.87884758306912e-06,6.04638302075777e-05,4.97158055055139e-05,"Brip1/Brca2/Exo1/Rad51c/Rad51/Bard1/Rad51ap1/Brca1/Rtel1/Gen1/Blm/Dna2/Rad51b/Spidr/Wrn/Eme1/Xrcc2/Rbbp8",18
"R-MMU-69481","G2/M Checkpoints","55/1618","163/8772",1.88214257455495e-06,6.04638302075777e-05,4.97158055055139e-05,"Brip1/Cdc45/Cdk1/Mcm6/Mcm7/Cdc6/Mcm5/H2afx/Ccnb1/Clspn/Mcm2/Mcm10/Exo1/Gtse1/Bard1/Wee1/Pkmyt1/Chek1/Mcm3/Brca1/Mcm4/Mcm8/Cdk2/Cdc25c/Rfc4/Topbp1/Blm/Rpa1/Cdc7/Dna2/Rfc5/Nsd2/Trp53/Orc1/Ccnb2/H2bc12/Orc4/H2bc4/Rps27a/Rfc3/Cdc25a/H3c11/Wrn/H4c12/H4f16/H2bc13/H2bc7/H2bc3/Psmd8/Psmd3/Ube2v2/H3c8/H2bc21/Rad9a/Rbbp8",55
"R-MMU-180786","Extension of Telomeres","15/1618","24/8772",2.22895862210066e-06,6.94354382884691e-05,5.70926243555608e-05,"Pole/Lig1/Prim1/Pole2/Prim2/Pola1/Rfc4/Rpa1/Pola2/Dna2/Rfc5/Pold1/Rfc3/Pold2/Dkc1",15
"R-MMU-69306","DNA Replication","44/1618","123/8772",3.54922242252822e-06,0.000106156472345317,8.72861430404354e-05,"Ccne2/Cdc45/Pole/Mcm6/Mcm7/Cdc6/Mcm5/Lig1/Cdt1/Mcm2/Mcm10/Ube2c/Prim1/Mcm3/Mcm4/E2f2/Pole2/Prim2/Gins3/Pola1/Gins2/Mcm8/Cdk2/Rfc4/Rpa1/Cdc7/Gins1/Gmnn/Ccna2/Pola2/Dna2/Rfc5/Pold1/Orc1/Ccne1/Orc4/Rps27a/Fzr1/Rfc3/Anapc5/Pold2/Psmd8/Psmd3/Anapc16",44
"R-MMU-174417","Telomere C-strand (Lagging Strand) Synthesis","14/1618","22/8772",3.6142767821849e-06,0.000106156472345317,8.72861430404354e-05,"Pole/Lig1/Prim1/Pole2/Prim2/Pola1/Rfc4/Rpa1/Pola2/Dna2/Rfc5/Pold1/Rfc3/Pold2",14
"R-MMU-5693554","Resolution of D-loop Structures through Synthesis-Dependent Strand Annealing (SDSA)","15/1618","25/8772",4.6228329262806e-06,0.000132007562450457,0.000108541954380214,"Brip1/Brca2/Exo1/Rad51c/Rad51/Bard1/Rad51ap1/Brca1/Rtel1/Blm/Dna2/Rad51b/Wrn/Xrcc2/Rbbp8",15
"R-MMU-5693568","Resolution of D-loop Structures through Holliday Junction Intermediates","17/1618","31/8772",5.83102304230179e-06,0.000160792922232732,0.000132210440869224,"Brip1/Brca2/Exo1/Rad51c/Rad51/Bard1/Rad51ap1/Brca1/Gen1/Blm/Dna2/Rad51b/Spidr/Wrn/Eme1/Xrcc2/Rbbp8",17
"R-MMU-157579","Telomere Maintenance","33/1618","84/8772",5.94370724206596e-06,0.000160792922232732,0.000132210440869224,"Pole/Hist1h2an/H2afx/Lig1/H2ac4/Prim1/H2ac10/Pole2/Prim2/Pola1/Rfc4/Rpa1/Pola2/Dna2/Rfc5/H2afz/Pold1/H2ac11/H2bc12/H2ac20/H2bc4/Rfc3/H3c11/H4c12/Pold2/H4f16/H2bc13/H2bc7/H2bc3/Dkc1/H3c8/Acd/H2bc21",33
"R-MMU-69186","Lagging Strand Synthesis","12/1618","18/8772",9.18648383369244e-06,0.000242146291821431,0.000199102470133739,"Lig1/Prim1/Prim2/Pola1/Rfc4/Rpa1/Pola2/Dna2/Rfc5/Pold1/Rfc3/Pold2",12
"R-MMU-68875","Mitotic Prophase","46/1618","135/8772",9.61280127819967e-06,0.000247048992849731,0.00020313366911564,"Cdk1/Hist1h2an/H2afx/Mastl/Ccnb1/Smc2/Ndc1/H2ac4/Lmnb1/H2ac10/Nup107/Ncapd3/Plk1/Lmna/Nup155/Nup188/Ncapg2/Aaas/Nup37/H2afz/H2ac11/Ccnb2/Nup160/H2bc12/H2ac20/H2bc4/Nup43/Banf1/Prkca/Nup133/H3c11/Smc4/H4c12/Tpr/H4f16/Nup93/H2bc13/H2bc7/H2bc3/Prkcb/H3c3/Rb1/Vrk2/H3c8/Lpin1/H2bc21",46
"R-MMU-194840","Rho GTPase cycle","44/1618","128/8772",1.15852431298846e-05,0.000290478778963935,0.000238843394949866,"Net1/Racgap1/Rhoj/Stard13/Ophn1/Vav2/Sos2/Ect2/Arhgap15/Prex1/Rhod/Arhgap29/Depdc1b/Rhoq/Fam13b/Rhov/Dlc1/Arhgap17/Rhoc/Fgd2/Arhgef39/Arhgap42/Arhgap22/Arhgef17/Sos1/Arhgap24/Arhgap12/Arhgef1/Arap3/Arhgap39/Srgap2/Chn2/Arhgap26/Arhgap11a/Vav1/Ocrl/Arhgap10/Tagap/Arhgap27/Arhgap36/Vav3/Arhgdib/Arhgef6/Gmip",44
"R-MMU-2980766","Nuclear Envelope Breakdown","22/1618","48/8772",1.20675361057453e-05,0.000292317717255164,0.000240355444353775,"Cdk1/Ccnb1/Ndc1/Lmnb1/Nup107/Plk1/Lmna/Nup155/Nup188/Aaas/Nup37/Ccnb2/Nup160/Nup43/Banf1/Prkca/Nup133/Tpr/Nup93/Prkcb/Vrk2/Lpin1",22
"R-MMU-8854518","AURKA Activation by TPX2","29/1618","72/8772",1.2227297511646e-05,0.000292317717255164,0.000240355444353775,"Cdk1/Tpx2/Tubg1/Aurka/Haus5/Cep76/Hmmr/Haus6/Plk1/Plk4/Haus4/Cep72/Nek2/Tuba1a/Nde1/Tubb5/Cntrl/Odf2/Ofd1/Ppp2r1a/Haus7/Prkar2b/Tuba4a/Cep192/Cep131/Tubb4b/Haus1/Actr1a/Akap9",29
"R-MMU-69206","G1/S Transition","37/1618","103/8772",1.86705825687638e-05,0.000436212701833845,0.000358671717768357,"Ccne2/Cdc45/Pole/Mcm6/Mcm7/Cdc6/Mcm5/Cdt1/Mcm2/Mcm10/Cks1b/Prim1/Wee1/Mcm3/Mcm4/Pole2/Prim2/Pola1/Mcm8/Cdk2/Rpa1/Cdc7/Gmnn/Ccna2/Pola2/Orc1/Ccne1/Orc4/Cdkn1b/Rps27a/Ccnd1/Cdc25a/Ppp2r1a/Psmd8/Rb1/Psmd3/Akt3",37
"R-MMU-1474290","Collagen formation","31/1618","81/8772",2.09617585286421e-05,0.000478859728165423,0.000393737826865487,"Mmp13/Plec/P4ha2/Col1a2/Bmp1/Adamts2/Col6a1/Crtap/Col5a2/Loxl1/Col1a1/Col8a1/Serpinh1/P3h1/Colgalt1/Col12a1/Col5a1/Plod1/Pcolce/Plod2/Pxdn/Lama3/Col11a1/Col3a1/Ppib/Ctsl/Loxl2/4930486L24Rik/Col23a1/Lox/Col4a2",31
"R-MMU-69273","Cyclin A/B1/B2 associated events during G2/M transition","13/1618","22/8772",2.57189404393026e-05,0.000574762408078329,0.000472592887248513,"Cdk1/Ccnb1/Wee1/Pkmyt1/Plk1/Cdk2/Cdc25c/Ccna2/Ccnb2/Cdc25a/Cdc25b/Ppp2r1a/Ppp2r2a",13
"R-MMU-73894","DNA Repair","87/1618","314/8772",2.71233631935714e-05,0.00058612075490231,0.000481932179179351,"Brip1/Pclaf/Dtl/Pole/Brca2/Rad18/Hist1h2an/H2afx/Lig1/Clspn/Fancd2/H2ac4/Exo1/Rad51c/Polq/Rad51/Bard1/Rad51ap1/Chek1/H2ac10/Brca1/Dclre1c/Ube2t/Fanci/Neil3/Pole2/Polh/Fanca/Tipin/Rtel1/Gen1/Cdk2/Usp1/Rfc4/Topbp1/Kpna2/Blm/Rpa1/Eya4/Timeless/Ccna2/Ddb1/Dna2/Rfc5/Nsd2/Fancb/Trp53/H2afz/Pold1/H2ac11/Rad51b/H2bc12/H2ac20/Fancm/H2bc4/Rps27a/Xpa/Rfc3/Paxip1/Spidr/H3c11/Wrn/Eme1/H4c12/Pold2/H4f16/Fancg/H2bc13/H2bc7/Ube2b/H2bc3/Xrcc2/Xrcc5/Xrcc6/Polr2l/Msh2/Ube2v2/Faap24/H3c8/Alkbh5/Polr2f/Polr2d/Acd/H2bc21/Rad9a/Rbbp8/Bivm",87
"R-MMU-216083","Integrin cell surface interactions","28/1618","71/8772",2.73675060654775e-05,0.00058612075490231,0.000481932179179351,"Itga5/Col1a2/Col6a1/Tnc/Pecam1/Col5a2/Itgav/Col1a1/Icam2/Hspg2/Col8a1/Itgax/Fn1/Icam1/Cd44/Itga9/Fbn1/Col5a1/Ibsp/Col3a1/Spp1/Itgb7/Bsg/Vwf/Col23a1/Col4a2/Jam3/Itga1",28
"R-MMU-446353","Cell-extracellular matrix interactions","11/1618","17/8772",3.36726741414392e-05,0.000702500301919919,0.000577624147493032,"Flna/Actn1/Parva/Pxn/Vasp/Fermt2/Actg1/Ilk/Flnc/Arhgef6/Fblim1",11
"R-MMU-5693607","Processing of DNA double-strand break ends","34/1618","94/8772",3.41683026225642e-05,0.000702500301919919,0.000577624147493032,"Brip1/H2afx/Clspn/Exo1/Bard1/Chek1/Brca1/Tipin/Cdk2/Rfc4/Topbp1/Blm/Rpa1/Timeless/Ccna2/Dna2/Rfc5/Nsd2/H2bc12/H2bc4/Rps27a/Rfc3/H3c11/Wrn/H4c12/H4f16/H2bc13/H2bc7/H2bc3/Ube2v2/H3c8/H2bc21/Rad9a/Rbbp8",34
"R-MMU-69473","G2/M DNA damage checkpoint","33/1618","91/8772",4.17792159784644e-05,0.000842137922075715,0.000692439843771041,"Brip1/Cdk1/H2afx/Ccnb1/Exo1/Bard1/Wee1/Chek1/Brca1/Cdc25c/Rfc4/Topbp1/Blm/Rpa1/Dna2/Rfc5/Nsd2/Trp53/H2bc12/H2bc4/Rfc3/H3c11/Wrn/H4c12/H4f16/H2bc13/H2bc7/H2bc3/Ube2v2/H3c8/H2bc21/Rad9a/Rbbp8",33
"R-MMU-69239","Synthesis of DNA","39/1618","115/8772",5.05861078250815e-05,0.00100004843931123,0.00082228025472754,"Ccne2/Pole/Mcm6/Mcm7/Cdc6/Mcm5/Lig1/Cdt1/Mcm2/Ube2c/Prim1/Mcm3/Mcm4/Pole2/Prim2/Gins3/Pola1/Gins2/Mcm8/Cdk2/Rfc4/Rpa1/Gins1/Ccna2/Pola2/Dna2/Rfc5/Pold1/Orc1/Ccne1/Orc4/Rps27a/Fzr1/Rfc3/Anapc5/Pold2/Psmd8/Psmd3/Anapc16",39
"R-MMU-70326","Glucose metabolism","30/1618","81/8772",5.85552866688097e-05,0.00113575159802899,0.000933860877756786,"Slc25a13/Pkm/Ndc1/Pgk1/Nup107/Got2/Pfkp/Nup155/Nup188/Aaas/Nup37/Nup160/Tpi1/Mdh2/Nup43/Pfkfb3/Pgm2l1/Nup133/Tpr/Eno2/Pgam1/Pfkfb1/Nup93/Slc25a12/Aldoc/Hk3/Pck2/Pfkm/Gnpda1/Slc25a10",30
"R-MMU-3000171","Non-integrin membrane-ECM interactions","18/1618","39/8772",6.6618482982669e-05,0.00126821852789229,0.00104278054259421,"Ddr2/Sdc2/Col1a2/Col5a2/Itgav/Col1a1/Hspg2/Prkca/Fn1/Col5a1/Pdgfa/Col11a1/Col3a1/Sdc4/Sdc1/Col23a1/Col4a2/Pdgfb",18
"R-MMU-69183","Processive synthesis on the lagging strand","9/1618","13/8772",8.44402250584997e-05,0.00157826457018432,0.001297712932478,"Lig1/Prim1/Prim2/Pola1/Rpa1/Pola2/Dna2/Pold1/Pold2",9
"R-MMU-6811434","COPI-dependent Golgi-to-ER retrograde traffic","32/1618","91/8772",0.000107513003098152,0.00197363155687323,0.00162279965202662,"Kif4/Tubb6/Kif15/Kif2c/Kif20a/Racgap1/Kif18a/Kif18b/Kif11/Kif22/Cenpe/Kif23/Kif20b/Kdelr2/Rint1/Tuba1a/Tuba1c/Copg1/Kif9/Kif26b/Copz2/Kifc1/Kdelr3/Use1/Kif1c/Kif3c/Tuba1b/Kif21a/Tuba4a/Surf4/Tubb3/Tubb4b",32
"R-MMU-606279","Deposition of new CENPA-containing nucleosomes at the centromere","28/1618","76/8772",0.000113802551145888,0.00201705211341333,0.00165850178893191,"Hist1h2an/H2afx/H2ac4/Cenpn/Cenpk/Oip5/H2ac10/Cenph/Cenpq/Rsf1/Cenpp/Cenpt/H2afz/H2ac11/Mis18bp1/H2bc12/H2ac20/Cenpa/H2bc4/Mis18a/H4c12/H4f16/H2bc13/H2bc7/H2bc3/Cenpm/Cenpc1/H2bc21",28
"R-MMU-774815","Nucleosome assembly","28/1618","76/8772",0.000113802551145888,0.00201705211341333,0.00165850178893191,"Hist1h2an/H2afx/H2ac4/Cenpn/Cenpk/Oip5/H2ac10/Cenph/Cenpq/Rsf1/Cenpp/Cenpt/H2afz/H2ac11/Mis18bp1/H2bc12/H2ac20/Cenpa/H2bc4/Mis18a/H4c12/H4f16/H2bc13/H2bc7/H2bc3/Cenpm/Cenpc1/H2bc21",28
"R-MMU-380259","Loss of Nlp from mitotic centrosomes","26/1618","69/8772",0.000128866044056526,0.00220790488816848,0.0018154286557437,"Cdk1/Tubg1/Haus5/Cep76/Haus6/Plk1/Plk4/Haus4/Cep72/Nek2/Tuba1a/Nde1/Tubb5/Cntrl/Odf2/Ofd1/Ppp2r1a/Haus7/Prkar2b/Tuba4a/Cep192/Cep131/Tubb4b/Haus1/Actr1a/Akap9",26
"R-MMU-380284","Loss of proteins required for interphase microtubule organization from the centrosome","26/1618","69/8772",0.000128866044056526,0.00220790488816848,0.0018154286557437,"Cdk1/Tubg1/Haus5/Cep76/Haus6/Plk1/Plk4/Haus4/Cep72/Nek2/Tuba1a/Nde1/Tubb5/Cntrl/Odf2/Ofd1/Ppp2r1a/Haus7/Prkar2b/Tuba4a/Cep192/Cep131/Tubb4b/Haus1/Actr1a/Akap9",26
"R-MMU-2559586","DNA Damage/Telomere Stress Induced Senescence","31/1618","88/8772",0.000131964130392658,0.00222392009907627,0.00182859700958248,"Ccne2/Hist1h2an/H2afx/H2ac4/Hmga2/Lmnb1/H2ac10/Cdk2/H1f5/Ccna2/Trp53/H2afz/H2ac11/H2bc12/H2ac20/Ccne1/H2bc4/Cdkn1b/H3c11/Hmga1b/H4c12/H1f1/H4f16/H2bc13/H2bc7/H2bc3/Rb1/H3c8/Acd/H2bc21/H1f3",31
"R-MMU-70171","Glycolysis","24/1618","62/8772",0.00014246289396659,0.00236212669351055,0.00194223605866166,"Pkm/Ndc1/Pgk1/Nup107/Pfkp/Nup155/Nup188/Aaas/Nup37/Nup160/Tpi1/Nup43/Pfkfb3/Pgm2l1/Nup133/Tpr/Eno2/Pgam1/Pfkfb1/Nup93/Aldoc/Hk3/Pfkm/Gnpda1",24
"R-MMU-422475","Axon guidance","72/1618","261/8772",0.000152497383147702,0.00248836999802916,0.0020460384071446,"Kif4/Tubb6/Itga5/Ezr/Fyn/Vav2/Pik3r1/Sdc2/Ntn4/Col6a1/Col5a2/Mmp2/Cxcl12/Tuba1a/Itgav/Tuba1c/Dpysl3/Grb10/Ncam1/Fgfr1/Gpc1/Rps27a/Enah/Rock1/Rhoc/Prkca/Sos1/Rps6ka5/Epha4/Itga9/Plxna1/Mapk11/Pik3r3/Vasp/Col5a1/Ptprc/Egfr/Slit2/Actg1/Robo1/Ptpra/Trem2/Plxna2/Col3a1/Pik3cd/Sptbn1/Pip5k1c/Sema7a/Lyn/Numb/Dag1/Plxnb3/Tuba1b/Tuba4a/Usp33/Pik3cb/Epha2/Tubb3/Tubb4b/Dock1/Col23a1/Efnb2/Irs2/Vav3/Plxna4/Col4a2/Src/Ap2s1/Actr3/Plxnc1/Nrp1/Tln1",72
"R-MMU-69275","G2/M Transition","53/1618","179/8772",0.000166681489793965,0.0026575625548804,0.00218515536716052,"Cdk1/Tubb6/Tpx2/Ccnb1/Bora/Tubg1/Gtse1/Aurka/Wee1/Haus5/Pkmyt1/Cep76/Hmmr/Haus6/Plk1/Plk4/Cdk2/Cdc25c/Haus4/Ccna2/Trp53/Cep72/Nek2/Ccnb2/Tuba1a/Tuba1c/Rps27a/Optn/Nde1/Cdc25a/Tubb5/Cntrl/Cdc25b/Odf2/Ofd1/Ppp2r1a/Psmd8/Psmd3/Haus7/Fbxw11/Prkar2b/Ajuba/Tuba1b/Tuba4a/Cep192/Cep131/Tubb3/Tubb4b/Haus1/Ppp1r12b/Actr1a/Ppp2r2a/Akap9",53
"R-MMU-69231","Cyclin D associated events in G1","17/1618","38/8772",0.00017062172044952,0.0026575625548804,0.00218515536716052,"Cks1b/E2f2/Cdk6/Rbl1/Tfdp1/Ccnd2/Cdkn1b/Rps27a/Jak2/Ccnd1/E2f4/Ppp2r1a/Rb1/Lyn/Rbl2/Ppp2r2a/Src",17
"R-MMU-69236","G1 Phase","17/1618","38/8772",0.00017062172044952,0.0026575625548804,0.00218515536716052,"Cks1b/E2f2/Cdk6/Rbl1/Tfdp1/Ccnd2/Cdkn1b/Rps27a/Jak2/Ccnd1/E2f4/Ppp2r1a/Rb1/Lyn/Rbl2/Ppp2r2a/Src",17
"R-MMU-174411","Polymerase switching on the C-strand of the telomere","9/1618","14/8772",0.000197672369226079,0.00293991091775831,0.00241731360532451,"Prim1/Prim2/Pola1/Rfc4/Pola2/Rfc5/Pold1/Rfc3/Pold2",9
"R-MMU-69091","Polymerase switching","9/1618","14/8772",0.000197672369226079,0.00293991091775831,0.00241731360532451,"Prim1/Prim2/Pola1/Rfc4/Pola2/Rfc5/Pold1/Rfc3/Pold2",9
"R-MMU-69109","Leading Strand Synthesis","9/1618","14/8772",0.000197672369226079,0.00293991091775831,0.00241731360532451,"Prim1/Prim2/Pola1/Rfc4/Pola2/Rfc5/Pold1/Rfc3/Pold2",9
"R-MMU-76002","Platelet activation, signaling and aggregation","67/1618","241/8772",0.000200188486617783,0.00293991091775831,0.00241731360532451,"Cd36/Flna/Stxbp3/Cd109/Vcl/Pcdh7/Actn1/Fyn/Itpr3/Vav2/Pik3r1/Cd9/Col1a2/Dagla/Tgfb2/Tagln2/Gng2/Timp3/Timp1/Pecam1/Qsox1/Rasgrp1/Col1a1/Pdpn/Prkca/Lcp2/Syk/Fn1/Sos1/Sparc/Fam49b/Itpr2/Pik3r3/P2ry1/Pdgfa/Islr/Ecm1/Lhfpl2/App/Actg1/Pcyox1l/Gnb4/Prkcb/Pik3r6/Bcar1/Lyn/Endod1/Apbb1ip/Rasgrp2/Vav1/Gp9/Maged2/Tuba4a/Pik3cb/Serping1/Gna15/Vwf/F2r/Igf1/Tmx3/Vav3/Gnb5/Src/Arrb1/Pdpk1/Pdgfb/Tln1",67
"R-MMU-453274","Mitotic G2-G2/M phases","53/1618","181/8772",0.00022706676009177,0.0032876708362583,0.00270325586884642,"Cdk1/Tubb6/Tpx2/Ccnb1/Bora/Tubg1/Gtse1/Aurka/Wee1/Haus5/Pkmyt1/Cep76/Hmmr/Haus6/Plk1/Plk4/Cdk2/Cdc25c/Haus4/Ccna2/Trp53/Cep72/Nek2/Ccnb2/Tuba1a/Tuba1c/Rps27a/Optn/Nde1/Cdc25a/Tubb5/Cntrl/Cdc25b/Odf2/Ofd1/Ppp2r1a/Psmd8/Psmd3/Haus7/Fbxw11/Prkar2b/Ajuba/Tuba1b/Tuba4a/Cep192/Cep131/Tubb3/Tubb4b/Haus1/Ppp1r12b/Actr1a/Ppp2r2a/Akap9",53
"R-MMU-110314","Recognition of DNA damage by PCNA-containing replication complex","14/1618","29/8772",0.000239531477590952,0.00341997720782637,0.00281204351616279,"Dtl/Pole/Rad18/Pole2/Usp1/Rfc4/Rpa1/Ddb1/Rfc5/Pold1/Rps27a/Rfc3/Pold2/Ube2b",14
"R-MMU-2022090","Assembly of collagen fibrils and other multimeric structures","22/1618","57/8772",0.000280332232806447,0.00394769226472641,0.00324595216933781,"Mmp13/Plec/Col1a2/Bmp1/Col6a1/Col5a2/Loxl1/Col1a1/Col8a1/Col12a1/Col5a1/Pcolce/Pxdn/Lama3/Col11a1/Col3a1/Ctsl/Loxl2/4930486L24Rik/Col23a1/Lox/Col4a2",22
"R-MMU-381426","Regulation of Insulin-like Growth Factor (IGF) transport and uptake by Insulin-like Growth Factor Binding Proteins (IGFBPs)","37/1618","116/8772",0.000321033276494664,0.00440495178397436,0.00362192943122201,"Prss23/Golm1/Calu/Sdc2/Ckap4/Igfbp4/Rcn1/Timp1/Tnc/Apoe/Qsox1/Lgals1/Mxra8/Csf1/Cdh2/Lamb1/Pappa/Cp/Fn1/Igfbp7/Ccn1/Pdia6/C3/Fbn1/Mfge8/Fstl1/App/C4b/Spp1/Lamb2/Fam20a/Fam20c/Shisa5/Ltbp1/Mbtps1/Igf1/Nucb1",37
"R-MMU-69166","Removal of the Flap Intermediate","8/1618","12/8772",0.000321372941437818,0.00440495178397436,0.00362192943122201,"Prim1/Prim2/Pola1/Rpa1/Pola2/Dna2/Pold1/Pold2",8
"R-MMU-5685938","HDR through Single Strand Annealing (SSA)","15/1618","33/8772",0.000331388152374052,0.00448246079790165,0.00368566047584991,"Brip1/Exo1/Rad51/Bard1/Brca1/Rfc4/Topbp1/Blm/Rpa1/Dna2/Rfc5/Rfc3/Wrn/Rad9a/Rbbp8",15
"R-MMU-380320","Recruitment of NuMA to mitotic centrosomes","30/1618","89/8772",0.000405462235993248,0.00541318413767609,0.00445093883120408,"Cdk1/Tubb6/Tubg1/Haus5/Cep76/Haus6/Plk1/Plk4/Haus4/Cep72/Nek2/Tuba1a/Tuba1c/Nde1/Tubb5/Cntrl/Odf2/Ofd1/Ppp2r1a/Haus7/Prkar2b/Tuba1b/Tuba4a/Cep192/Cep131/Tubb3/Tubb4b/Haus1/Actr1a/Akap9",30
"R-MMU-3000178","ECM proteoglycans","18/1618","44/8772",0.000431485917506645,0.00568676311790809,0.00467588652844583,"Col1a2/Col6a1/Tnc/Col5a2/Itgav/Col1a1/Hspg2/Itgax/Fn1/Bgn/Sparc/Itga9/Col5a1/App/Col3a1/Dag1/Agrn/Dcn",18
"R-MMU-2243919","Crosslinking of collagen fibrils","10/1618","18/8772",0.000456951910714619,0.0059461590406915,0.00488917234248953,"Col1a2/Bmp1/Loxl1/Col1a1/Pcolce/Pxdn/Loxl2/Col23a1/Lox/Col4a2",10
"R-MMU-912631","Regulation of signaling by CBL","11/1618","21/8772",0.00046356856727502,0.00595685608948401,0.00489796788844528,"Fyn/Pik3r1/Rps27a/Syk/Pik3r3/Pik3cd/Rapgef1/Lyn/Hck/Vav1/Pik3cb",11
"R-MMU-8957275","Post-translational protein phosphorylation","35/1618","110/8772",0.000484850236074179,0.00611935154946744,0.00503157822467987,"Prss23/Golm1/Calu/Sdc2/Ckap4/Igfbp4/Rcn1/Timp1/Tnc/Apoe/Qsox1/Lgals1/Mxra8/Csf1/Cdh2/Lamb1/Cp/Fn1/Igfbp7/Ccn1/Pdia6/C3/Fbn1/Mfge8/Fstl1/App/C4b/Spp1/Lamb2/Fam20a/Fam20c/Shisa5/Ltbp1/Mbtps1/Nucb1",35
"R-MMU-114604","GPVI-mediated activation cascade","15/1618","34/8772",0.000492857201166415,0.00611935154946744,0.00503157822467987,"Fyn/Vav2/Pik3r1/Col1a2/Col1a1/Pdpn/Lcp2/Syk/Pik3r3/Pik3r6/Lyn/Vav1/Pik3cb/Vav3/Pdpk1",15
"R-MMU-1650814","Collagen biosynthesis and modifying enzymes","22/1618","59/8772",0.000494072158176846,0.00611935154946744,0.00503157822467987,"P4ha2/Col1a2/Bmp1/Adamts2/Col6a1/Crtap/Col5a2/Col1a1/Col8a1/Serpinh1/P3h1/Colgalt1/Col12a1/Col5a1/Plod1/Pcolce/Plod2/Col11a1/Col3a1/Ppib/Col23a1/Col4a2",22
"R-MMU-399955","SEMA3A-Plexin repulsion signaling by inhibiting Integrin adhesion","7/1618","10/8772",0.000510549237773834,0.00624815019561311,0.00513748167835074,"Fyn/Plxna1/Plxna2/Pip5k1c/Plxna4/Nrp1/Tln1",7
"R-MMU-3301854","Nuclear Pore Complex (NPC) Disassembly","14/1618","31/8772",0.000566489214274886,0.00685118720323038,0.00563332308436821,"Cdk1/Ccnb1/Ndc1/Nup107/Nup155/Nup188/Aaas/Nup37/Ccnb2/Nup160/Nup43/Nup133/Tpr/Nup93",14
"R-MMU-6804756","Regulation of TP53 Activity through Phosphorylation","28/1618","83/8772",0.00061512014924928,0.0073528315514914,0.00604579534696661,"Brip1/Tpx2/Aurkb/Exo1/Aurka/Bard1/Chek1/Brca1/Cdk2/Rfc4/Topbp1/Blm/Rpa1/Ccna2/Dna2/Rfc5/Trp53/Rps27a/Rfc3/Wrn/Dyrk2/Mapk11/Trp53inp1/Prkag2/Prkag1/Taf11/Rad9a/Rbbp8",28
"R-MMU-176408","Regulation of APC/C activators between G1/S and early anaphase","13/1618","28/8772",0.000642106252073044,0.00758718651874815,0.00623849147507144,"Fbxo5/Cdk1/Ccnb1/Mad2l1/Ube2c/Bub1b/Plk1/Cdk2/Ccna2/Cdc20/Fzr1/Anapc5/Anapc16",13
"R-MMU-1971475","A tetrasaccharide linker sequence is required for GAG synthesis","12/1618","25/8772",0.000714187227576041,0.00818541122312582,0.0067303760108233,"Gpc4/Gpc6/Sdc2/Gpc1/Hspg2/Bgn/B4galt7/Xylt1/Sdc4/Sdc1/Agrn/Dcn",12
"R-MMU-1566948","Elastic fibre formation","17/1618","42/8772",0.000716621605137475,0.00818541122312582,0.0067303760108233,"Itga5/Tgfb2/Fbln5/Loxl1/Itgav/Efemp2/Fbln2/Mfap1b/Fn1/Fbn1/Emilin2/Ltbp2/Emilin1/Ltbp1/Loxl2/Lox/Bmp2",17
"R-MMU-4615885","SUMOylation of DNA replication proteins","17/1618","42/8772",0.000716621605137475,0.00818541122312582,0.0067303760108233,"Top2a/Ndc1/Aurkb/Rangap1/Birc5/Nup107/Cdca8/Nup155/Nup188/Aaas/Nup37/Nup160/Nup43/Incenp/Nup133/Tpr/Nup93",17
"R-MMU-5620912","Anchoring of the basal body to the plasma membrane","31/1618","96/8772",0.000754185036347178,0.00851980458642746,0.00700532775230519,"Cdk1/Tubg1/Haus5/Cep76/Haus6/Plk1/Plk4/Haus4/Cep72/Nek2/Tuba1a/Nde1/Tubb5/Cc2d2a/Cntrl/Odf2/Ofd1/Ppp2r1a/Kif24/Haus7/Prkar2b/Tuba4a/Cep192/Rab3ip/Cep131/Tubb4b/Haus1/Actr1a/Cep97/Tmem216/Akap9",31
"R-MMU-71387","Metabolism of carbohydrates","70/1618","266/8772",0.000811317121424285,0.00906558696548006,0.00745409208814303,"Slc25a13/Pkm/Ndc1/Pgk1/Nup107/Hmmr/Got2/Gpc4/Arsb/Gpc6/Pfkp/Nup155/Sdc2/Nup188/Aaas/Cemip/Nup37/Chst11/Slc2a1/Nup160/Dse/Tpi1/Mdh2/Nup43/Gpc1/Hspg2/Pfkfb3/Ext1/Pgm2l1/Prelp/Nup133/Tpr/Bgn/Cd44/Hyal1/B4galt7/Galk1/Ogn/Eno2/B3gnt3/Pgd/Pgam1/Pfkfb1/Nup93/Hs6st2/Pygl/Slc25a12/Aldoc/Dcxr/Xylt1/Fmod/Sdc4/Hk3/Sdc1/Gusb/B3gnt2/Gys1/Pck2/St3gal1/Rpia/St3gal6/Has2/Pfkm/Gns/Agrn/Gnpda1/Slc25a10/Dcn/Manba/Lyve1",70
"R-MMU-186797","Signaling by PDGF","20/1618","54/8772",0.000969902474275932,0.0107210725113512,0.00881529922856336,"Pik3r1/Pdgfd/Col6a1/Col5a2/Sos1/Col5a1/Pdgfrb/Thbs2/Pdgfa/Col3a1/Spp1/Rapgef1/Pdgfra/Bcar1/Pik3cb/Col23a1/Ptpn12/Col4a2/Src/Pdgfb",20
"R-MMU-202733","Cell surface interactions at the vascular wall","34/1618","110/8772",0.00103219644697252,0.0112882760371038,0.00928167689718854,"Itga5/Slc7a6/Fyn/Pik3r1/Sdc2/Col1a2/Mif/Pecam1/Cd48/Itgav/Col1a1/Gpc1/Slc16a1/Slc7a8/Itgax/Fn1/Sos1/Cd44/Mertk/Slc16a3/Slc7a5/Slc7a7/Mag/Lyn/Tnfrsf10b/Sdc4/Sdc1/Bsg/Pik3cb/Cav1/Slc3a2/Src/Jam3/Glg1",34
"R-MMU-373760","L1CAM interactions","22/1618","62/8772",0.00107577663538229,0.0116410355912946,0.00957173006329059,"Kif4/Tubb6/Itga5/Ezr/Vav2/Tuba1a/Itgav/Tuba1c/Ncam1/Fgfr1/Itga9/Egfr/Actg1/Sptbn1/Numb/Tuba1b/Tuba4a/Tubb3/Tubb4b/Src/Ap2s1/Nrp1",22
"R-MMU-2299718","Condensation of Prophase Chromosomes","26/1618","78/8772",0.00116026025011574,0.0120528738167044,0.00991036010118131,"Cdk1/Hist1h2an/H2afx/Ccnb1/Smc2/H2ac4/H2ac10/Ncapd3/Plk1/Ncapg2/H2afz/H2ac11/H2bc12/H2ac20/H2bc4/H3c11/Smc4/H4c12/H4f16/H2bc13/H2bc7/H2bc3/H3c3/Rb1/H3c8/H2bc21",26
"R-MMU-380270","Recruitment of mitotic centrosome proteins and complexes","26/1618","78/8772",0.00116026025011574,0.0120528738167044,0.00991036010118131,"Cdk1/Tubg1/Haus5/Cep76/Haus6/Plk1/Plk4/Haus4/Cep72/Nek2/Tuba1a/Nde1/Tubb5/Cntrl/Odf2/Ofd1/Ppp2r1a/Haus7/Prkar2b/Tuba4a/Cep192/Cep131/Tubb4b/Haus1/Actr1a/Akap9",26
"R-MMU-380287","Centrosome maturation","26/1618","78/8772",0.00116026025011574,0.0120528738167044,0.00991036010118131,"Cdk1/Tubg1/Haus5/Cep76/Haus6/Plk1/Plk4/Haus4/Cep72/Nek2/Tuba1a/Nde1/Tubb5/Cntrl/Odf2/Ofd1/Ppp2r1a/Haus7/Prkar2b/Tuba4a/Cep192/Cep131/Tubb4b/Haus1/Actr1a/Akap9",26
"R-MMU-69002","DNA Replication Pre-Initiation","27/1618","82/8772",0.00116073395705617,0.0120528738167044,0.00991036010118131,"Cdc45/Pole/Mcm6/Mcm7/Cdc6/Mcm5/Cdt1/Mcm2/Mcm10/Prim1/Mcm3/Mcm4/E2f2/Pole2/Prim2/Pola1/Mcm8/Cdk2/Rpa1/Cdc7/Gmnn/Pola2/Orc1/Orc4/Rps27a/Psmd8/Psmd3",27
"R-MMU-430116","GP1b-IX-V activation signalling","7/1618","11/8772",0.00118027242229147,0.0121332005011563,0.00997640794842155,"Flna/Pik3r1/Col1a2/Col1a1/Gp9/Vwf/Src",7
"R-MMU-983695","Antigen activates B Cell Receptor (BCR) leading to generation of second messengers","11/1618","23/8772",0.00123753482297153,0.0125958989902449,0.0103568573511844,"Dapp1/Itpr3/Pik3r1/Syk/Sos1/Itpr2/Cd22/Cd79b/Pik3cd/Vav1/Pik3ap1",11
"R-MMU-211000","Gene Silencing by RNA","35/1618","117/8772",0.00166234108296125,0.0167537905223938,0.0137756438557057,"Hist1h2an/H2afx/Ndc1/H2ac4/H2ac10/Nup107/Nup155/Nup188/Aaas/Nup37/H2afz/H2ac11/Nup160/H2bc12/H2ac20/H2bc4/Nup43/Ran/Nup133/H3c11/H4c12/Tpr/H4f16/Nup93/H2bc13/H2bc7/Ago4/H2bc3/H3c3/Polr2l/Tsn/H3c8/Polr2f/Polr2d/H2bc21",35
"R-MMU-2559583","Cellular Senescence","47/1618","169/8772",0.00168463597528687,0.0168136483747078,0.0138248614016899,"Ccne2/Hist1h2an/H2afx/H2ac4/Kdm6b/Ube2c/Hmga2/Lmnb1/H2ac10/Cdk2/H1f5/Ccna2/Rnf2/Ezh2/Trp53/H2afz/H2ac11/H2bc12/H2ac20/Ccne1/H2bc4/Cdkn1b/Rps27a/Fzr1/Anapc5/H3c11/Rps6ka2/Hmga1b/H4c12/Phc3/Mapk11/H1f1/H4f16/H2bc13/H2bc7/H2bc3/Map3k5/H3c3/Rb1/Txn1/H3c8/Rps6ka1/Acd/Fos/Anapc16/H2bc21/H1f3",47
"R-MMU-76009","Platelet Aggregation (Plug Formation)","14/1618","34/8772",0.00171389138279167,0.0169411571299023,0.0139297042548756,"Col1a2/Rasgrp1/Col1a1/Syk/Fn1/Sos1/Bcar1/Apbb1ip/Rasgrp2/Gp9/Vwf/Src/Pdpk1/Tln1",14
"R-MMU-5578749","Transcriptional regulation by small RNAs","33/1618","109/8772",0.00178768804631354,0.0175023172534317,0.0143911127938825,"Hist1h2an/H2afx/Ndc1/H2ac4/H2ac10/Nup107/Nup155/Nup188/Aaas/Nup37/H2afz/H2ac11/Nup160/H2bc12/H2ac20/H2bc4/Nup43/Ran/Nup133/H3c11/H4c12/Tpr/H4f16/Nup93/H2bc13/H2bc7/H2bc3/H3c3/Polr2l/H3c8/Polr2f/Polr2d/H2bc21",33
"R-MMU-76005","Response to elevated platelet cytosolic Ca2+","35/1618","120/8772",0.00266908221436726,0.0258850614751844,0.0212837439735542,"Cd36/Flna/Stxbp3/Cd109/Vcl/Pcdh7/Actn1/Cd9/Tgfb2/Tagln2/Timp3/Timp1/Pecam1/Qsox1/Prkca/Fn1/Sparc/Fam49b/Pdgfa/Islr/Ecm1/Lhfpl2/App/Actg1/Pcyox1l/Prkcb/Endod1/Maged2/Tuba4a/Serping1/Vwf/Igf1/Tmx3/Pdgfb/Tln1",35
"R-MMU-2132295","MHC class II antigen presentation","31/1618","104/8772",0.00316193855315661,0.0303782507723831,0.0249782258552362,"Kif4/Tubb6/Kif15/Kif2c/Kif20a/Racgap1/Kif18a/Kif11/Kif22/Sec24d/Cenpe/Kif23/Ap1s2/Tuba1a/Tuba1c/Ctsc/Actr1b/Ctsh/Ap1s3/Sec31a/Capza2/Ctsk/Kif3c/Tuba1b/Tuba4a/Ctsl/Tubb3/Tubb4b/4930486L24Rik/Actr1a/Ap2s1",31
"R-MMU-9006934","Signaling by Receptor Tyrosine Kinases","95/1618","398/8772",0.00332002341806569,0.0316017043867734,0.0259841988762841,"Chek1/Dusp4/Fyn/Flrt2/Vav2/Pik3r1/Kitl/Pdgfd/Col1a2/Tlr9/Col6a1/Col5a2/Erbin/Spry2/Itgav/Usp8/Col1a1/Grb10/Nckap1/Fgfr1/Lamb1/Rbfox2/Rps27a/Jak2/Rock1/Prkca/Elmo2/Rps6ka2/Fn1/Pxn/Sos1/Rps6ka5/Fer/Nedd4/Fgfr2/Mapk11/Pik3r3/Ppp2r5d/Col5a1/Pdgfrb/Thbs2/Pdgfa/Ngf/Ctnna1/Ptprk/Egfr/Abi1/Ppp2r1a/Actg1/Ptk2b/Hpn/Lama3/Sh2b2/Col11a1/Flrt3/Axl/Prkcb/Col3a1/Spp1/Rapgef1/Pdgfra/Bcar1/Lamb2/Irs1/Lyn/Akt3/Vav1/Fgf7/Igf1r/Ncf1/Polr2l/Hbegf/Pik3cb/Ptpn2/Cybb/Atp6v1d/Cav1/Dock1/Col23a1/Igf1/Ptpn12/Dusp3/Rps6ka1/Irs2/Spred2/Vav3/Polr2f/Col4a2/Polr2d/Atp6v1g1/Src/Ap2s1/Pdpk1/Pdgfb/Nrp1",95
"R-MMU-6811442","Intra-Golgi and retrograde Golgi-to-ER traffic","48/1618","179/8772",0.00338859975886803,0.0319585371753792,0.0262776012203866,"Kif4/Tubb6/Kif15/Kif2c/Kif20a/Racgap1/Kif18a/Rab43/Kif18b/Kif11/Kif22/Cenpe/Kif23/Kif20b/Stx16/Kdelr2/Rhobtb3/Snap29/Rint1/Vps54/Tuba1a/Tuba1c/Copg1/Kif9/Rab9/Vamp4/Kif26b/Copz2/Vti1a/Kifc1/Kdelr3/Tmf1/Use1/Capza2/Kif1c/Kif3c/Plin3/Cyth2/Tuba1b/Kif21a/Tuba4a/Surf4/Igf2r/Tubb3/Tubb4b/Actr1a/Galnt2/Rab39",48
"R-MMU-445355","Smooth Muscle Contraction","12/1618","29/8772",0.00344918869906245,0.0322342362057836,0.0265042921085851,"Tpm1/Vcl/Tpm4/Actg2/Myl9/Pxn/Tpm2/Acta2/Sorbs1/Sorbs3/Itga1/Tln1",12
"R-MMU-512988","Interleukin-3, Interleukin-5 and GM-CSF signaling","15/1618","40/8772",0.00353826371235216,0.0327687846513335,0.0269438194501544,"Fyn/Pik3r1/Csf2ra/Il2ra/Rps27a/Jak2/Syk/Sos1/Pik3r3/Pik3cd/Rapgef1/Lyn/Hck/Vav1/Pik3cb",15
"R-MMU-5651801","PCNA-Dependent Long Patch Base Excision Repair","9/1618","19/8772",0.00375073149557846,0.0344263569415595,0.028306742396142,"Pole/Lig1/Pole2/Rfc4/Rpa1/Rfc5/Pold1/Rfc3/Pold2",9
"R-MMU-8874081","MET activates PTK2 signaling","11/1618","26/8772",0.00412101402162389,0.0367485014704184,0.0302161035027094,"Col1a2/Col5a2/Col1a1/Lamb1/Fn1/Col5a1/Lama3/Col11a1/Col3a1/Lamb2/Src",11
"R-MMU-1538133","G0 and Early G1","8/1618","16/8772",0.00413974356926545,0.0367485014704184,0.0302161035027094,"Ccne2/Rbl1/Tfdp1/Cdk2/Ccna2/Ccne1/E2f4/Rbl2",8
"R-MMU-190840","Microtubule-dependent trafficking of connexons from Golgi to the plasma membrane","8/1618","16/8772",0.00413974356926545,0.0367485014704184,0.0302161035027094,"Tubb6/Gja1/Tuba1a/Tuba1c/Tuba1b/Tuba4a/Tubb3/Tubb4b",8
"R-MMU-75892","Platelet Adhesion to exposed collagen","6/1618","10/8772",0.00415081880523254,0.0367485014704184,0.0302161035027094,"Fyn/Col1a2/Col1a1/Lyn/Gp9/Vwf",6
"R-MMU-73884","Base Excision Repair","28/1618","93/8772",0.00418246563427914,0.0367485014704184,0.0302161035027094,"Pole/Hist1h2an/H2afx/Lig1/H2ac4/H2ac10/Neil3/Pole2/Rfc4/Rpa1/Rfc5/H2afz/Pold1/H2ac11/H2bc12/H2ac20/H2bc4/Rfc3/H3c11/H4c12/Pold2/H4f16/H2bc13/H2bc7/H2bc3/H3c8/Acd/H2bc21",28
"R-MMU-1433557","Signaling by SCF-KIT","14/1618","37/8772",0.00434471739213187,0.0378505888060302,0.0311222842629964,"Chek1/Fyn/Pik3r1/Kitl/Grb10/Jak2/Prkca/Sos1/Fer/Pik3r3/Sh2b2/Lyn/Vav1/Src",14
"R-MMU-4420097","VEGFA-VEGFR2 Pathway","27/1618","90/8772",0.0051305778073414,0.0443212939995543,0.0364427596576307,"Fyn/Vav2/Pik3r1/Itgav/Nckap1/Rock1/Prkca/Elmo2/Pxn/Mapk11/Ctnna1/Abi1/Actg1/Ptk2b/Axl/Prkcb/Bcar1/Akt3/Vav1/Ncf1/Pik3cb/Cybb/Cav1/Dock1/Vav3/Src/Pdpk1",27
"R-MMU-8953897","Cellular responses to external stimuli","101/1618","433/8772",0.0052429073261329,0.0449142394272052,0.0369303033586379,"Ccne2/Hist1h2an/H2afx/Tubb6/Ndc1/H2ac4/Kdm6b/Ube2c/Hmga2/Lmnb1/H2ac10/Nup107/Cdk2/Nup155/H1f5/Gpx8/Rpa1/Nup188/Ccna2/Aaas/Rnf2/Ezh2/Nup37/Trp53/H2afz/H2ac11/Nup160/H2bc12/H2ac20/Tuba1a/Tuba1c/Ccne1/H2bc4/Nup43/Fnip1/Cdkn1b/Rps27a/Fzr1/Anapc5/Nup133/H3c11/Flcn/Rps6ka2/Hmga1b/H4c12/Tpr/Bmt2/Rragb/Phc3/Egln1/Mapk11/H1f1/Txnrd1/H4f16/Depdc5/Nup93/H2bc13/Mios/H2bc7/Capza2/Epas1/Bag2/Egln2/Cryab/H2bc3/Mt2/Eloc/Map3k5/H3c3/Sesn1/Psmd8/Gpx1/Rb1/Psmd3/Hspa2/Sh3bp4/Ajuba/Tuba1b/Ncf1/Sod3/Tuba4a/Cybb/Atp6v1d/Tubb3/Tubb4b/Txn1/Actr1a/H3c8/Slc38a9/Hspa5/Rps6ka1/Hsbp1/Sirt1/Acd/Atp6v1g1/Fos/Anapc16/H2bc21/Gpx3/Egln3/H1f3",101
"R-MMU-437239","Recycling pathway of L1","13/1618","34/8772",0.00533210855899713,0.0453008892450335,0.0372482224695494,"Kif4/Tubb6/Ezr/Tuba1a/Tuba1c/Actg1/Numb/Tuba1b/Tuba4a/Tubb3/Tubb4b/Src/Ap2s1",13
"R-MMU-8856688","Golgi-to-ER retrograde transport","35/1618","125/8772",0.00550468276585616,0.0463837203549191,0.0381385699825927,"Kif4/Tubb6/Kif15/Kif2c/Kif20a/Racgap1/Kif18a/Kif18b/Kif11/Kif22/Cenpe/Kif23/Kif20b/Kdelr2/Rint1/Tuba1a/Tuba1c/Copg1/Kif9/Kif26b/Copz2/Kifc1/Kdelr3/Use1/Capza2/Kif1c/Kif3c/Tuba1b/Kif21a/Tuba4a/Surf4/Tubb3/Tubb4b/Actr1a/Galnt2",35
"R-MMU-376176","Signaling by ROBO receptors","9/1618","20/8772",0.00571718740456764,0.0474277743779949,0.0389970334072598,"Cxcl12/Gpc1/Rps27a/Enah/Vasp/Slit2/Robo1/Dag1/Usp33",9
"R-MMU-354192","Integrin alphaIIb beta3 signaling","11/1618","27/8772",0.00581313187901494,0.0474277743779949,0.0389970334072598,"Rasgrp1/Syk/Fn1/Sos1/Bcar1/Apbb1ip/Rasgrp2/Vwf/Src/Pdpk1/Tln1",11
"R-MMU-499943","Interconversion of nucleotide di- and triphosphates","11/1618","27/8772",0.00581313187901494,0.0474277743779949,0.0389970334072598,"Rrm2/Rrm1/Dut/Dtymk/Ctps/Tyms/Txnrd1/Rrm2b/Cmpk1/Ak4/Txn1",11
"R-MMU-9006921","Integrin signaling","11/1618","27/8772",0.00581313187901494,0.0474277743779949,0.0389970334072598,"Rasgrp1/Syk/Fn1/Sos1/Bcar1/Apbb1ip/Rasgrp2/Vwf/Src/Pdpk1/Tln1",11
"R-MMU-1474228","Degradation of the extracellular matrix","36/1618","130/8772",0.00596466791136496,0.04828093395971,0.0396985357051476,"Mmp13/Capn2/Adam8/Col1a2/Bmp1/Col6a1/Timp1/Col5a2/Mmp2/Mmp12/Nid1/Col1a1/Hspg2/Scube3/Col8a1/Fn1/Cd44/Col12a1/Fbn1/Col5a1/Lama3/Col11a1/Adamts5/Col3a1/Spp1/Ctsk/Bsg/Ctsl/Capn5/Klk1b4/4930486L24Rik/Col23a1/Col4a2/Mmp8/Dcn/Mmp16",36
"R-MMU-5617833","Cilium Assembly","51/1618","198/8772",0.00618439375720321,0.0494354020931815,0.0406477860749793,"Cdk1/Tubb6/Tubg1/Haus5/Cep76/Haus6/Plk1/Plk4/Rp2/Haus4/Cep72/Nek2/Tuba1a/Tuba1c/Nde1/Smo/Tubb5/Cc2d2a/Ift22/Cntrl/Odf2/Ift27/Ift43/Ift88/Ofd1/Ppp2r1a/Kif24/Ift46/Haus7/Kif3c/Prkar2b/Cct3/Tuba1b/Tuba4a/Unc119b/Cep192/Ttc30b/Dynlrb1/Rab3ip/Cep131/Tubb3/Tubb4b/Haus1/Tcp1/Actr1a/Cct5/Ift80/Cep97/Tmem216/Akap9/Pkd2",51
"R-MMU-975634","Retinoid metabolism and transport","16/1618","46/8772",0.0062034697179187,0.0494354020931815,0.0406477860749793,"Gpc4/Gpc6/Sdc2/Lrp1/Bco2/Apoe/Akr1b8/Gpc1/Hspg2/Lpl/Lrp8/Akr1c12/Sdc4/Rdh11/Sdc1/Agrn",16
